slug,lotNumber,client,clientUrl,logoUrl,imageUrl,title,summary,condition,outcome,gradeState,gradeColor,gradeLabel,gradeDate,specialistId,specialistCapability,dataLines,limits,sources
deepidv,LOT 031,DeepIDV,https://deepidv.com,/logos/deepidv.svg,/project-shots/project-deepidv.png,Verification engine and its compliance suite,"A verification platform spanning KYC, liveness, deepfake, and fraud workflows.","Arrived with the compliance path demo-tight, not proven against production data. Multiple workflow types and third-party integrations were pulling in every direction, and the verification flows were still being tightened toward production-ready compliance.","A live verification platform handling KYC, liveness, deepfake screening, and fraud checks as a cohesive product, with the compliance path carried toward production.",integration-blocked,unsound,Integration-blocked on arrival,Aug 2026,mehak,Intelligence,Client:DeepIDV | Status:Ongoing product ownership | Reach:211+ countries | Verdict latency:sub-150ms | Constraint:agentic compliance,"Reach and latency figures are client-reported on deepidv.com (unreachable at study time; per STUDY.md). | Arrival date not recorded in the source; Aug 2026 is the earliest verifiable reference (ledger field note), not a confirmed arrival date.",client-engagement:DeepIDV:https://deepidv.com | field-note:DeepIDV:
sully,LOT 034,Sully.ai,https://sully.ai,/logos/sully.svg,/project-shots/project-sully.png,AI employee platform for hospitals,"An AI employee platform for hospitals spanning triage, scribe, coding, and EHR-integrated operations.","Built for hospitals, where a software error is not an inconvenience but a compliance and patient-safety risk. Arrived unable to ship cleanly: the work needed integration notes and ownership clarity so new contributors could move it into production without guesswork.","An AI employee platform in real use by medical teams, under role-based access, real-time clinical dashboards, and production-grade model work.",stalled,sound,Stalled on arrival,Jul 2026,aneeb,Delivery,Client:Sully.ai | Status:Ongoing product ownership | Reach:450+ healthcare orgs | Clinical tasks:5M+ run | Constraint:HIPAA-constrained,"Reach and clinical-task figures are client-reported on sully.ai; we did not independently audit the counts. | Arrival date not recorded in the source; Jul 2026 is the earliest verifiable reference (handover field note), not a confirmed arrival date.",client-engagement:Sully.ai:https://sully.ai | review:Sully.ai:
myusta,LOT 028,myUsta,https://app.myusta.al,,/project-shots/project-myusta.png,Tradesperson marketplace for Albania,A marketplace matching people with trusted tradespeople across Albania.,Arrived as a two-sided marketplace that had to launch cold on both sides at once — matching customers with tradespeople they could trust before either side showed up. Built but not yet live.,A live tradesperson marketplace delivered web and mobile for the Albanian market.,stalled,sound,Unlaunched on arrival,,aneeb,Delivery,Client:myUsta | Status:Shipped | Platform:iOS + Android | Reach:Albania-wide,No transaction or user counts are on record in the source; the live-on-both-stores and Albania-wide claims are the extent of the verified reach. | No arrival or engagement-start date is recorded in the source; none is shown rather than inferred.,client-engagement:myUsta:https://app.myusta.al | review:myUsta:
wearmeout,LOT 036,WearMeOut.ai,https://wearmeout-frontend.onrender.com/,/logos/wearmeout.svg,/project-shots/project-wearmeout.png,"AI custom t-shirt platform, taken to production",Frontend delivery and production readiness for a Firebase + React product.,"Arrived looking done in demo mode but not production-ready: the remaining pass was final interaction polish, deployment hardening, and release checks — the actual last twenty percent, still open.","A React product taken across the line to production, live after the production-readiness pass.",incomplete,sound,Incomplete on arrival,Aug 2026,fizza,Integration,Client:WearMeOut.ai | Status:LIVE | Scope:frontend + production | Platform:Firebase · React,"No user numbers in the source; the verified claim is a React product taken across the line to production. | Arrival date not recorded in the source; Aug 2026 is the earliest verifiable reference (field note), not a confirmed arrival date.",client-engagement:WearMeOut.ai: | field-note:WearMeOut.ai: | review:WearMeOut.ai:
mythos-archive,LOT 037,Mythos Archive,https://www.mythosarchive.org/,/logos/mythos-archive.svg,/project-shots/project-mythos-archive.png,"Interactive archive, grounded in verified sources",Phase 7 AI storytelling and archive experience built around verified historical sources.,"Arrived as an archival storytelling experience that had to stay faithful to verified historical sources, with the source-attribution and audit layer still open: translating historical-source structure into an interface people can actually navigate.","A launched, polished interactive experience with the source-links audit and attribution pass completed.",incomplete,sound,Incomplete on arrival,Aug 2026,fizza,Intelligence,Client:Mythos Archive | Status:Shipped | Scope:interactive web experience | Phase:Phase 7,"No verifiable usage or traffic figures exist for this lot. It is an experience, not a metric, and we do not invent proof for it. | Arrival date not recorded in the source; Aug 2026 is the earliest verifiable reference (ramp field note), not a confirmed arrival date.",client-engagement:Mythos Archive: | field-note:Mythos Archive: | review:Mythos Archive:
sba504,LOT 038,SBA 504 Loan Hub,https://sba504loanhub.com,,/project-shots/project-sba504.png,An unbiased SBA 504 loan information hub,"A comprehensive, unbiased SBA 504 loan information hub for small-business owners.","Arrived as a small-business loan-information product that still needed its technical SEO, lead capture, and a clean ownership handover before it could stand as a comprehensive, unbiased hub.","A live loan-information platform, deployed with full technical SEO, lead capture, and a clean ownership handover.",incomplete,sound,Incomplete on arrival,,fizza,Delivery,Client:SBA 504 Loan Hub | Status:Shipped | Stack:Astro · Sanity · Vercel | Scope:info platform + lead capture,"SBA 504 is an information hub: there is no user or traffic metric in the source, and we do not invent one. | No arrival or engagement-start date is recorded in the source; none is shown rather than inferred.",client-engagement:SBA 504 Loan Hub: | review:SBA 504 Lead-Gen Site:
clearance,LOT 039,Clearance.ai,https://clearance.ai,/logos/clearance.svg,/project-shots/project-clearance.png,AI-powered clearance automation platform,An AI platform automating clearance processes for enterprise clients.,Arrived with the AI pipeline functional but the compliance and deployment layers still open. The core model worked; the production wrapper did not.,A production-ready clearance automation platform with compliance paths and deployment hardening completed.,incomplete,sound,Incomplete on arrival,,najiullah,Intelligence,Client:Clearance.ai | Status:Shipped | Stack:Python · React · AWS | Scope:AI pipeline + compliance,Client-reported figures not available in the source.,client-engagement:Clearance.ai:
evidero,LOT 040,Evidero,https://evidero.com,/logos/evidero.svg,/project-shots/project-evidero.png,Evidence management platform,"A platform for managing, tracking, and presenting digital evidence in legal and compliance contexts.",Arrived with the data model solid but the presentation layer and user workflows unfinished. The hard part was done; the last mile was not.,A live evidence management platform with complete user workflows and presentation layer.,incomplete,sound,Incomplete on arrival,,fizza,Delivery,Client:Evidero | Status:Shipped | Stack:React · Node.js · PostgreSQL | Scope:evidence management,No user metrics in the source.,client-engagement:Evidero:
fullscript,LOT 041,Fullscript,https://fullscript.com,/logos/fullscript.svg,/project-shots/project-fullscript.png,Healthcare product workflows for supplements and labs,"Designed and built healthcare product workflows for supplement recommendations, lab ordering, and patient adherence tracking.",Arrived with the supplement catalog solid but the lab integration and adherence tracking layers still needed work. The product logic was there; the connections were not.,Production-ready healthcare product workflows with lab integration and adherence tracking.,incomplete,sound,Incomplete on arrival,,mehak,Integration,Client:Fullscript | Status:Shipped | Stack:React · Node.js · Healthcare APIs | Scope:product workflows,Client-reported figures not available in the source.,client-engagement:Fullscript:
